제목,작가,평점,장르,관심(알림설정) 수
뷰티풀 군바리,설이 / 윤성원,9.81,"['드라마', '직업드라마', '밀리터리']","778,824"
신의 탑,SIU,9.88,"['판타지', '세계관', '이능력배틀물', '소년왕도물', '먼치킨']","1,966,241"
퀘스트지상주의,박태준 만화회사,9.76,"['드라마', '게임판타지', '학원물']","522,967"
똑 닮은 딸,이담,9.98,"['스릴러', '2020', '서스펜스']","447,641"
백수세끼,치즈,9.84,"['드라마', '음식', '감성드라마']","475,505"
윈드브레이커,조용석,9.83,"['스포츠', '스포츠성장']","1,144,805"
장씨세가 호위무사,김인호 / 조형근,9.93,"['무협', '사이다', '힘숨찐', '판무', '먼치킨', '소설원작']","304,511"
소녀의 세계,모랑지,9.92,"['드라마', '하이틴', '학원로맨스', '직진남', '삼각관계', '까칠남', '감성드라마']","1,125,780"
신화급 귀속 아이템을 손에 넣었다,정선율 / 헤스,9.91,"['판타지', '아포칼립스', '사이다', '게임판타지', '회귀', '헌터물', '소년왕도물', '먼치킨', '구원서사', '소설원작']","282,407"
별난식당,HO9,9.96,"['드라마', '지금추천작', '힐링', '직업드라마', '음식', '성장드라마']","97,814"
앵무살수,김성진,9.97,"['판타지', '판무']","222,179"
퍼니게임,배진수,9.58,['스릴러'],"84,616"
절대검감,김두루미 / 티아이 / 한중월야,9.94,"['무협', '환골탈태', '소설원작']","104,591"
호랑신랑뎐,고추참치,9.98,"['판타지', '무해한', '힐링', '연상연하', '동물']","164,890"
만렙돌파,"성불예정, 임형 / 미노",9.52,"['판타지', '고인물', '게임판타지', '먼치킨']","242,100"
꼬리잡기,바쉬,9.94,"['스릴러', '범죄', '서바이벌', '2020', '서스펜스', '두뇌싸움']","265,038"
물어보는 사이,성은,9.96,"['로맨스', '아이돌', '계약연애', '직진남', '인외존재', '연예계', '삼각관계', '뱀파이어']","386,170"
잔불의 기사,환댕,9.96,"['판타지', '세계관', '판무', '복수극']","208,351"
나 없는 단톡방,봉수,9.93,"['드라마', '요즘핫한추천작', '학원물']","105,395"
북부 공작님을 유혹하겠습니다,가천가 / 은하수 / 주시하,9.97,"['로맨스', '로판', '소설원작']","241,946"
순정말고 순종,슈안,9.96,"['로맨스', '로맨스코미디', '연예계', '삼각관계']","497,889"
리턴 투 플레이어,신성 / 세혼 / 인덱스,9.92,"['판타지', '아포칼립스', '게임판타지', '회귀', '소년왕도물', '먼치킨', '소설원작']","234,442"
히어로메이커,빤쓰,9.96,"['판타지', '히어로']","82,590"
루루라라 우리네 인생,현이씨,9.96,"['일상', '무해한']","30,000"
칼가는 소녀,오리,9.97,"['드라마', '최강자전', '2018', '성장드라마', '걸크러시', '감성드라마']","397,762"
신군,규남,9.95,"['액션', '소년왕도물']","87,811"
"또다시, 계약 부부",김종진 / 설우희,9.88,"['로맨스', '전남친', '선결혼후연애', '소설원작']","129,029"
천재 타자가 강속구를 숨김,황지성 / 스튜디오MW / 이블라인,9.86,"['스포츠', '야구', '소설원작']","52,324"
결혼생활 그림일기,은꼼지,9.97,['일상'],"111,226"
다시쓰는 연애사,최경민 / 영모,9.98,"['로맨스', '성별반전']","181,944"
더블클릭,"박수봉, 김장훈 / 박수봉",9.92,"['액션', '게임판타지', '스포츠성장']","166,231"
"아, 쫌 참으세요 영주님!",새우초밥 / daybook,9.97,"['로맨스', '소설원작']","120,813"
서브 남주가 파업하면 생기는 일,쓰레빠인간 / 해그늘 / 숙임,9.97,"['판타지', '로판', '소설원작']","68,087"
러브 똘츄얼리,김진경,6.29,['로맨스'],"15,511"
인섹터,마카빔,9.94,"['판타지', '힘숨찐', '이능력배틀물', '다크히어로']","62,500"
엘프,홍작가,9.93,"['판타지', '세계관']","16,588"
오빠집이 비어서,이서희 / 태소영,9.87,"['로맨스', '계약연애', '연예계', '소설원작']","182,037"
아슈타르테,SOON / 안다온,9.85,"['로맨스', '로판', '소설원작']","99,533"
파운더,임상윤 / 만두인,9.91,"['액션', '범죄']","45,839"
마이너스의 손,김뎐,9.96,"['판타지', '최강자전', '2015']","156,871"
사이다걸,김드루 / 김그루,9.81,['드라마'],"33,912"
사랑의 헌옷수거함,고잉,9.95,"['로맨스', '학원로맨스', '하이틴', '친구', '걸크러시']","232,407"
꿈의 기업,문지현,9.97,"['스릴러', '아포칼립스', 'sf']","118,070"
쥴리에타의 드레스 업,말차 / 유자차 / 채하빈,9.19,"['로맨스', '소설원작']","28,036"
수영만화일기,해오,9.91,"['일상', '무해한', '스포츠성장']","47,882"
헬크래프트,나락 / 영기,9.88,"['판타지', '서스펜스', '두뇌싸움']","39,693"
하루의 하루,김이랑,9.94,['드라마'],"56,914"
우산 없는 애,로밋,9.92,"['드라마', '2021', '성장드라마']","58,064"
피폐물의 해피엔딩을 위하여,호,9.93,"['로맨스', '빙의', '로판', '구원서사']","52,970"
입술이 예쁜 남자,고도 / 플라비,9.95,"['로맨스', '소설원작']","133,375"
랭커,신건 / taibogi,9.87,"['액션', '성장물', '서바이벌', '격투기', '소년왕도물']","31,036"
매지컬 급식:암살법사,웡웡이,9.94,"['판타지', '학원물', '이능력배틀물']","29,105"
최후의 금빛아이,알깨 / 새몽,9.94,"['판타지', '이세계', '성장드라마']","64,559"
어쌔신 크리드 - 잊혀진 사원,"샤이아탄, ARC, Ubisoft / Tabii",9.81,"['판타지', '레드아이스', '게임판타지']","17,408"
라서드,감람,9.96,['판타지'],"57,710"
도깨비 부른다,WEBANGSANG,9.95,['판타지'],"24,710"
영앤리치가 아니야!,최삡뺩,9.96,"['개그', '재벌']","42,255"
악당과 악당이 만나면,삵 / 쏘가리 / 임하얌,9.94,"['로맨스', '계략여주', '직진남', '로판', '걸크러시', '소설원작']","38,567"
파견체,곽백수,9.91,"['판타지', 'sf', '인외존재']","13,424"
원하나,비진,9.88,"['드라마', '2021']","47,555"
주작연애,우까,9.8,"['로맨스', '고자극로맨스', '최강자전', '혐관로맨스', '하이틴', '학원로맨스']","78,215"
너를 돌려차는 방법,한성만,9.96,"['로맨스', '동아리', '소꿉친구', '로맨스코미디', '힐링', '혐관로맨스', '하이틴', '학원로맨스', '친구', '연상연하', '성장드라마']","88,421"
고백어택,늠개,9.92,"['로맨스', '짝사랑', '학원로맨스']","59,516"
오늘의 비너스,엄세윤 / 도달,9.97,"['로맨스', '환골탈태', '2021', '친구', '연예계']","66,701"
퇴근 후에 만나요,박한나 / 햄친 / 로즈빈,9.93,"['로맨스', '2030연애', '로맨스코미디', '전남친', '오피스로맨스', '사내연애', '소설원작']","37,081"
"집사, 주세요!",꾀돌이,9.92,"['로맨스', '로맨스코미디', '4차원', '학원로맨스', '하이틴', '역하렘']","55,707"
백호랑,박혬,9.95,['판타지'],"60,238"
메리의 불타는 행복회로,김지수,9.92,['드라마'],"38,803"
지옥연애환담,"황도톨 / 당첨, 녹혜",9.96,"['로맨스', '로판', '까칠남', '소설원작']","49,135"
모스크바의 여명,이샨오 / 황장미,9.95,"['드라마', '힐링', '소설원작']","64,430"
포스트 팬데믹,좡좡 / 영명 / 한산이가,9.88,"['스릴러', '소설원작']","19,434"
슈퍼스타 천대리,Do8 / 이재국 / 박경원,9.82,"['감성', '음악', '연예계', '소설원작']","20,317"
굿바이 유교보이,아실,9.93,"['로맨스', '계략여주', '2030연애', '계약연애', '직진남', '삼각관계']","40,142"
세번째 로망스,문조,9.96,"['로맨스', '타임슬립', '전남친']","72,755"
역주행!,김현아,9.92,"['드라마', '아이돌', '아이돌연애', '연예계']","47,755"
트러블리걸,일쩜이,9.85,['로맨스'],"24,425"
버그이터,이륙,9.76,"['판타지', '2021', '게임판타지', '먼치킨']","36,605"
토마토가 돼라!,뮤리,9.95,['로맨스'],"32,016"
결혼공략,율무,9.96,"['로맨스', '로맨스코미디', '청춘로맨스', '캠퍼스로맨스']","44,631"
연애 연기대상,김충전 / 일공팔,9.91,"['로맨스', '고자극로맨스', '2030연애', '로맨스코미디', '계약연애', '캠퍼스로맨스', '청춘로맨스']","23,923"
악취해결사,샘샘,9.93,"['드라마', '최강자전', '2021', '학원물', '성장드라마']","22,071"
중독연구소,김택기,9.85,['드라마'],"27,981"
행운을 부탁해!,해롱,9.85,"['로맨스', '로맨스코미디', '현실로맨스', '로판']","23,315"
오로지 오로라,홍달,9.89,"['판타지', '최강자전', '2019', '히어로']","49,124"
별을 쫓는 소년들,HYBE,9.02,"['판타지', '히어로', '연예계']","55,800"
트리거,고경빈,9.85,"['판타지', '아포칼립스', '좀비']","26,263"
김부장,박태준 만화회사 / 정종택,9.45,"['액션', '사이다', '다크히어로', '먼치킨', '느와르']","547,801"
내가 키운 S급들,seri / 비완 / 근서,9.95,"['판타지', '회귀', '헌터물', '이능력배틀물', '소년왕도물', '먼치킨', '소설원작']","413,065"
마루는 강쥐,모죠,9.98,"['개그', '무해한', '햇살캐', '4차원', '동물']","463,183"
대학원 탈출일지,요다,9.97,"['일상', '하이퍼리얼리즘']","179,489"
사신소년,류,9.9,"['액션', '이능력배틀물', '소년왕도물', '먼치킨']","616,647"
신과함께 돌아온 기사왕님,지대공마법소년 / 전천후마검사 / 사람살려.,3.68,"['개그', '먼치킨', '소설원작']","29,992"
멸망 이후의 세계,S-Cynan / 언데드 감자 / 싱숑,9.91,"['판타지', '레드아이스', '차원이동', '아포칼립스', '소설원작']","305,383"
한림체육관,혜성 / 이석재,9.77,"['액션', '블루스트링', '슈퍼스트링', '학원물', '소년왕도물']","381,455"
사변괴담,강태진,9.9,"['스릴러', '역사물', '좀비', '빙의', '괴담']","65,460"
하루만 네가 되고 싶어,삼,9.97,"['로맨스', '최강자전', '2019', '직진남', '이세계', '역하렘', '삼각관계', '로판', '두뇌싸움', '걸크러시', '구원서사']","707,769"
용사가 돌아왔다,나락 / 풍백,9.46,"['액션', '차원이동', '아포칼립스', '먼치킨', '다크판타지']","249,386"
하북팽가 막내아들,스튜디오M / 기원 / 무향,9.83,"['무협', '회귀', '소년왕도물', '소설원작']","105,493"
시한부인 줄 알았어요!,혜용 / 에시 / 최아리,9.97,"['로맨스', '햇살캐', '로맨스코미디', '궁중로맨스', '계약연애', '삼각관계', '로판', '소설원작']","279,930"
궤짝,"박태준 만화회사, 주범 / 지노",9.72,['스릴러'],"54,263"
초인의 게임,Two-zero / 플랜에이 / 니콜로,9.95,"['판타지', '히어로', '헌터물', '이능력배틀물', '소설원작']","178,590"
호랑이 들어와요,배세혁 / 유은,9.98,['판타지'],"265,763"
삼국지톡,무적핑크 / 이리,9.9,['무협'],"165,052"
놓지마 정신줄 시즌3,신태훈 / 나승훈,9.96,"['개그', '드라마']","116,789"
올가미,해무리,9.98,"['드라마', '폭스남', '집착물', '고자극로맨스', '혐관로맨스', '인외존재', '뱀파이어']","493,758"
유사연애,여은,9.93,"['로맨스', '요즘핫한추천작', '폭스남', '고자극로맨스', '2030연애', '현실로맨스', '오피스로맨스']","176,269"
위아더좀비,이명재,9.97,"['드라마', '2020', '아포칼립스', '좀비', '감염', '감성드라마']","202,996"
원주민 공포만화,원주민,9.86,"['스릴러', '괴담']","296,148"
저 그런 인재 아닙니다,에몽 / 머나 / 덴피,9.97,"['판타지', '세계관', '이세계', '다크히어로', '소설원작']","188,344"
랜덤채팅의 그녀!,박은혁,9.24,"['드라마', '학원물']","579,909"
거짓말의 뉘앙스,사즈,9.91,"['드라마', '2022', '후회물', '하이퍼리얼리즘', '인플루언서']","62,711"
덴큐,백감독,9.83,"['판타지', 'sf']","35,503"
나타나주세요!,김기현,9.95,"['로맨스', '다정남', '캠퍼스로맨스', '연상연하']","406,249"
윌유메리미,마인드C,9.92,['일상'],"342,710"
윗집 그 남자,핸저 아트,9.91,"['스릴러', '해외작품', '집착물']","34,712"
용왕님의 셰프가 되었습니다,옥 / 카라쿨 / 문백경,9.97,"['판타지', '음식', '소설원작']","232,756"
하우스키퍼,채용택 / 유현,9.97,"['판타지', '슈퍼스트링', '아포칼립스', 'sf', '먼치킨', '감염']","185,546"
로잘린 보가트,삼월에 / 마하 / 하노HANO,9.97,"['로맨스', '고자극로맨스', '궁중로맨스', '소설원작']","138,052"
우리 집 고양이 보고 갈래?,삼태,9.97,"['로맨스', '요즘핫한추천작', '2022', '무해한', '회귀', '캠퍼스로맨스', '동물']","109,237"
배드 엔딩 메이커,오일구 / 심재영 / 류은가람,9.84,"['판타지', '소설원작']","27,293"
자매의 사생활,조주희 / 뉘롬,9.8,"['로맨스', '재벌', '고자극로맨스', '2030연애', '로맨스코미디', '혐관로맨스', '계약연애']","23,536"
해골협객,성불예정 / 준1,8.73,"['무협', '차원이동', '좀비', '판무', '빙의']","22,245"
사표내고 이계에서 힐링합니다,덤보 / 파란 / 딥블랙,9.94,"['판타지', '이세계', '음식', '소설원작']","57,016"
빅맨,하하영,9.74,"['스포츠', '농구', '스포츠성장']","123,056"
연우의 순정,이솔,9.97,"['감성', '다정남', '걸크러시']","224,345"
빌런투킬,퓨핀 / 은지,9.91,"['판타지', '사이다', '이능력배틀물', '소년왕도물', '복수극']","168,882"
짝사랑의 마침표,숭어,9.97,"['로맨스', '짝사랑', '하이틴']","270,119"
왕게임,신형욱 / 범고래,9.87,"['액션', '블루스트링', '학원물', '서스펜스']","109,502"
헥토파스칼,버퍼링 / 길성근,9.9,"['액션', '복수극', '느와르']","95,687"
반대로 끌리는 사이,한구,9.94,"['로맨스', '햇살캐', '로맨스코미디', '2021', '캠퍼스로맨스']","52,449"
짐승의 꽃,하브린 / 옆집찰스 / 황도톨,9.95,"['로맨스', '고자극로맨스', '2030연애', '로판', '소설원작']","72,769"
애옹식당,정다정,9.96,"['일상', '무해한', '힐링', '음식', '성장드라마', '동물']","97,792"
왕자님 짠내밥상,쑥,9.67,['드라마'],"7,090"
에이머,구동인,9.8,"['판타지', '두뇌싸움']","147,824"
은주의 방 2~3부,노란구미,9.94,"['드라마', '드라마']","161,517"
웅크,나유진,9.97,"['감성', '무해한', '힐링']","61,805"
로맨스가 가능해?,임주이 / 송정원,9.97,"['로맨스', '2030연애', '로맨스코미디', '청춘로맨스', '선결혼후연애', '걸크러시', '소설원작']","78,693"
그냥 선생님,연일,9.98,['일상'],"76,776"
대리게임,철준,8.66,"['스릴러', '게임판타지', '학원물', '복수극']","11,812"
제로게임,즐바센,9.97,"['판타지', '최강자전', '2015', '두뇌싸움', '걸크러시']","373,912"
내남친 킹카만들기,랑쓰 / 섯끼,9.87,"['로맨스', '환골탈태', '로맨스코미디', '2021']","116,116"
아이즈,정썸머,9.95,"['액션', '2019', '인외존재', '이능력배틀물']","88,383"
우투리: THE LEGACY,이재헌 / 홍기우,9.84,['판타지'],"16,962"
랜덤타겟,이니 / 정유한,9.94,['로맨스'],"64,794"
주인님을 잡아먹는 방법,세인 / 차혜영,9.97,"['로맨스', '직진남', '소설원작']","117,229"
여우자매,갈치,9.94,"['판타지', '동양풍판타지']","76,149"
한입만!,이한솔,9.92,"['로맨스', '인플루언서', '인외존재', '연예계']","53,858"
팀장님은 신혼이 피곤하다,장그린 / 강하다,9.91,"['로맨스', '짝사랑', '로맨스코미디', '계약연애', '오피스로맨스', '소설원작']","68,107"
"이 결혼, 새로고침",영 / 다프네 박 / 핑크티,9.8,"['로맨스', '계약연애', '소설원작']","50,972"
렌탈히어로,포르토 / 코벳,9.81,['액션'],"18,911"
필리아로제 - 가시왕관의 예언,백화등 / Ryuta / 김영지,9.97,"['판타지', '레드아이스', '소설원작']","78,084"
햄버거가 제일 좋아,용현 / 민국,9.96,"['로맨스', '현실로맨스', '청춘로맨스', '연상연하', '삼각관계']","49,764"
원포인트,잇,9.86,"['스포츠', '동아리', '스포츠성장']","21,865"
은밀한 재택근무,굴닭 / 타단 / 주황연,9.87,"['로맨스', '재벌', '2030연애', '로맨스코미디', '현실로맨스', '직진남', '친구', '재회', '오피스로맨스', '사내연애', '소설원작']","21,075"
공작저의 붉은 밤,H.C / 타샤토토 / 유세라,8.82,"['로맨스', '선결혼후연애', '뱀파이어', '로판', '구원서사', '소설원작']","18,375"
돌격! 용마치킨,팀 오누이,9.86,['판타지'],"19,183"
원수가 나를 유혹할 때,황비노 / 포롱 / 최서희,9.75,"['로맨스', '폭스남', '2030연애', '로맨스코미디', '회귀', '직진남', '소설원작']","32,840"
동경과 거짓말,오한,9.94,"['드라마', '음악', '2021', '성장드라마', '구원서사']","15,310"
DARK MOON: 회색 도시,HYBE,9.78,"['판타지', '세계관', '다크판타지', '느와르']","16,319"
"너의 순정, 나의 순정",정살,9.85,"['로맨스', '학원로맨스']","44,552"
AI 유하,박현 / 지홍주,9.83,"['로맨스', '아이돌연애', '로맨스코미디', '현실로맨스', '연예계', '삼각관계']","22,780"
붉은 이정표,달뜬,9.89,"['액션', '사이다', '동양풍판타지', '복수극', '먼치킨']","46,076"
화산귀환,LICO / 비가,9.92,"['무협', '세계관', '동양풍판타지', '힘숨찐', '회귀', '이세계', '먼치킨', '소설원작']","941,903"
무직백수 계백순,지발,9.68,"['개그', '요즘핫한추천작']","68,826"
전지적 독자 시점,UMI / 슬리피-C / 싱숑,9.94,"['판타지', '세계관', '레드아이스', '아포칼립스', '게임판타지', '헌터물', '이능력배틀물', '먼치킨', '구원서사', '소설원작']","984,641"
백XX,"병장, 박태준 만화회사 / 펀치킥",9.82,"['액션', '지금추천작', '범죄']","247,019"
캐슬2:만인지상,정연,9.95,"['액션', '요즘핫한추천작', '지금추천작', '범죄', '사이다', '복수극', '먼치킨', '느와르']","193,599"
66666년 만에 환생한 흑마법사,팀 더 지크 / 파사 / 화봉,9.94,"['판타지', '회귀', '먼치킨', '소설원작']","326,913"
일렉시드,손제호 / 제나,9.85,"['액션', '세계관', '학원물', '이능력배틀물', '성장드라마', '동물']","479,133"
미래의 골동품 가게,구아진,9.98,"['스릴러', '오컬트']","251,066"
운명을 보는 회사원,영완(映完) / 임성욱,9.97,"['판타지', '직업드라마', '소설원작']","130,754"
튜토리얼 탑의 고인물,토프 / 방구석김씨,9.79,"['액션', '고인물', '아포칼립스', '사이다', '게임판타지', '헌터물', '먼치킨', '소설원작']","340,505"
황후를 훔친 이는 누구인가,핀쿠 / 뮬리 / Lee jihye,9.92,"['로맨스', '로판', '소설원작']","143,285"
가짜 동맹,케냠,9.98,"['로맨스', '소꿉친구', '2021', '계약연애', '학원로맨스', '친구']","342,678"
칼에 취한 밤을 걷다,JP / 송민 / 유진성,9.91,"['무협', '세계관', '사이다', '판무', '소설원작']","115,613"
격기3반,이학,9.29,"['스포츠', '환골탈태', '격투기']","279,607"
내가 죽기로 결심한 것은,YUJU,9.96,"['로맨스', '폭스남', '집착물', '청춘로맨스', '재회']","604,662"
나쁜사람,둠스,9.66,"['액션', '학원물']","394,531"
빌드업,911,9.86,"['스포츠', '2019', '축구', '스포츠성장', '소년왕도물']","261,252"
왕따가 격투기를 너무 잘함,팀꿀빨 / 아몬드빵,9.31,"['액션', '지금추천작', '소설원작']","71,424"
쓰레기는 쓰레기통에!,EDDiERiNG,9.98,"['로맨스', '계략여주', '2021', '현실로맨스', '서스펜스']","259,632"
중간에서 만나,조흰 / 윤김,9.91,"['로맨스', '폭스남', '로맨스코미디', '연상연하']","145,871"
베이비 폭군,아원 / 이흰,9.97,"['로맨스', '육아물', '소설원작']","147,309"
사상최강,이단아 / 황규영,9.91,"['무협', '사이다', '먼치킨', '소설원작']","127,617"
닥터앤닥터 병원일기,닥터베르,8.56,"['일상', '육아물', '의학드라마']","34,291"
악의 등교,팀 더 지크 / 시원 / 산천,9.92,"['액션', '학원물', '소설원작']","72,651"
에브리띵 이즈 파인,마이크 버첼,9.97,"['스릴러', '해외작품']","91,429"
"안녕, 나의 수집",하린,9.97,"['일상', '무해한']","66,172"
급식아빠,김재한,9.78,"['액션', '학원물']","378,488"
범상찮은 밤,어사화,9.95,"['드라마', '2022', '사이다', '서스펜스', '복수극']","23,727"
좀간,옹구 / 다이,9.96,['액션'],"130,962"
헤어지면 죽음,봄소희 / KYMA,9.95,"['로맨스', '레드스트링', '인플루언서']","221,740"
남사친의 법칙,이도윤,9.97,"['로맨스', '짝사랑', '현실로맨스', '하이틴', '학원로맨스', '청춘로맨스']","113,495"
인과관계,강환영,9.96,"['로맨스', '힐링', '학원로맨스', '청춘로맨스', '삼각관계']","272,710"
흔한 빙의물인 줄 알았다,DOYOSAY / 아진 / 레몬개구리,9.96,"['로맨스', '로판', '소설원작']","81,974"
판타지 여동생!,유누,9.84,"['판타지', '게임판타지']","122,591"
두꺼비집,허만강,9.76,['스릴러'],"15,737"
언덕 위의 제임스,쿠당탕,9.92,"['개그', '4차원']","153,470"
칼부림,고일권,9.91,"['무협', '역사물', '판무']","71,128"
결혼 시뮬레이션,김래잇 / 황주영,8.79,['드라마'],"12,021"
하렘의 남자들,히어리 / 영빈  / 알파타르트,9.96,"['로맨스', '궁중로맨스', '이세계', '역하렘', '로판', '소설원작']","343,086"
괴물공작의 딸,한바다 / 찬란,9.69,"['판타지', '힐링', '육아물']","182,867"
물고기로 살아남기,동우,9.72,"['판타지', '동물']","48,371"
사내고충처리반,정주행 / JINU,9.86,"['드라마', '범죄', '직업드라마', '복수극']","26,453"
용한소녀,올소,9.97,"['로맨스', '학원로맨스', '동물']","107,749"
행성인간2: 행성의,조석,9.96,['스릴러'],"48,347"
말숙이를 부탁해,임규현,9.94,"['개그', '2022', '육아물']","39,810"
수요웹툰의 나강림,이경민 / 송준혁,9.91,['판타지'],"129,661"
이십팔세기 광팬,컷부,9.92,"['개그', '차원이동', '4차원']","41,676"
옆집남자 친구,꿀삼,9.97,"['로맨스', '현실로맨스', '캠퍼스로맨스', '청춘로맨스', '까칠남']","126,211"
겨울 정원의 하와르,단청 / 래럿 / 미나토,9.97,"['로맨스', '소설원작']","80,337"
두 번 사는 프로듀서,여로운 / 왕십리글쟁이,9.91,"['판타지', '직업드라마', '회귀', '연예계', '소설원작']","57,324"
나를 낳아줘,미티 / 연주,9.65,"['드라마', '현실로맨스']","47,967"
귀비나리,신희빈 / 곰시,9.83,"['스릴러', '복수극']","10,895"
주부 육성중,임현,9.97,['드라마'],"57,864"
반귀,세정,9.96,"['로맨스', '오컬트', '인외존재']","114,604"
메모리얼,상C,9.94,['스릴러'],"57,284"
사생돌,령 / 유나나,7.07,"['로맨스', '아이돌', '로맨스코미디']","13,404"
영웅&마왕&악당,모모 / 무영자,9.94,"['판타지', '까칠남', '소설원작']","69,321"
내겐 너무 소란한 결혼,이지이 / 포스스튜디오 / 노승아,9.94,"['로맨스', '로맨스코미디', '현실로맨스', '선결혼후연애', '소설원작']","60,781"
나랑 해요,통조림 / 별규,9.88,"['로맨스', '재벌', '다정남', '짝사랑', '고자극로맨스', '2030연애', '직진남', '소설원작']","22,117"
로어 올림푸스,레이첼스마이스,9.95,"['로맨스', '해외작품', '역사물', '세계관', '인외존재', '구원서사']","89,590"
홀리데이,광진,9.69,['드라마'],"37,887"
킬링대디,또이,9.46,['드라마'],"9,510"
미시령,모코넛,9.93,"['스릴러', '최강자전', '2016']","151,941"
강아지는 멍멍하고 짖지 않아!,얄라리,9.92,"['일상', '무해한', '힐링']","7,411"
더 베이비시터,김도연,9.74,['스릴러'],"6,394"
그 남자의 은밀한 하루,탄단 / 이로 / 백묘,9.93,"['로맨스', '2030연애', '계약연애', '현실로맨스', '오피스로맨스', '사내연애', '소설원작']","67,191"
어느 백작 영애의 이중생활,Jeu / 킴뽀 / 최아리,9.96,"['로맨스', '성별반전', '로맨스코미디', '로판', '소설원작']","51,242"
안미운 우리들,지피,9.91,"['드라마', '소꿉친구', '현실로맨스', '캠퍼스로맨스', '직진남', '까칠남']","63,588"
"이혼은 쉬운데, 연애는 어렵다",수빙 / 팔가락 / 쥬시린시,9.91,"['로맨스', '러블리', '다정남', '짝사랑', '2030연애', '로맨스코미디', '직업드라마', '직진남', '오피스로맨스', '사내연애', '소설원작']","31,975"
솔그린,래드,9.71,"['드라마', '학원물', '성장드라마']","10,565"
히어로 더 맥시멈,박재이,9.85,"['액션', '2021', '히어로']","20,575"
줄리에게,제야,9.81,['로맨스'],"25,322"
굿헌팅,"HB / 심조, 홍반장",9.89,['스릴러'],"18,563"
하얀 사자의 비밀 신부,봉비 / 임혜,9.69,"['로맨스', '계략여주', '회귀', '로판', '소설원작']","64,708"
연애고수,햇님,9.92,"['로맨스', '직진남', '전남친', '인플루언서', '삼각관계']","38,853"
수플레 팬 케이크,호박,9.92,"['판타지', '이세계', '음식', '성장드라마']","16,986"
멸종위기종인간,사하라,9.06,"['판타지', '2021', '아포칼립스', '이능력배틀물']","28,027"
이런 미친 엔딩,LEE세,9.9,['로맨스'],"42,508"
우리의 연애일지,오늘,9.83,['로맨스'],"10,659"
넷시의 비밀,비온후,9.89,"['로맨스', '세계관', '로맨스코미디', '구원서사']","33,825"
낙원의 이론,무멘 / 정선우,9.88,"['판타지', '소설원작']","34,895"
두 마리를 위한 뜰,솜마르,9.92,"['드라마', '2022', '힐링', '혐관로맨스', '동양풍판타지', '인외존재', '성장드라마', '동물']","17,421"
나의 계절,박수민,9.84,['로맨스'],"34,874"
필생기,찬성,9.75,['판타지'],"18,683"
이 짝사랑은 억울하다!,김밀콩,9.87,"['로맨스', '짝사랑', '현실로맨스', '청춘로맨스', '캠퍼스로맨스', '친구', '삼각관계']","22,711"
아이돌의 비밀 스터디,우아람,9.63,"['드라마', '아이돌', '2020', '연예계', '성장드라마']","11,152"
산의 시간,지님,9.36,['드라마'],"12,192"
신혼일기,자까,9.7,"['일상', '2030연애', '친구']","175,179"
나노마신,현절무 / 금강불괴 / 한중월야,9.91,"['무협', '사이다', '게임판타지', '이능력배틀물', '소설원작']","511,910"
촉법소년,"박태준 만화회사, 남자의 이야기 / 정종택",9.85,"['액션', '지금추천작']","227,169"
재벌집 막내아들,JP / 김병관 / 산경(山景),9.97,"['드라마', '재벌', '타임슬립', '드라마', '회귀', '빙의', '복수극', '두뇌싸움', '소설원작']","263,800"
무사만리행,운 / 배민기,9.93,"['무협', '성장물', '퓨전사극', '판무', '먼치킨']","167,625"
현실퀘스트,이주운 / 태성,9.81,"['액션', '게임판타지', '회귀', '학원물']","349,659"
네이처맨,이윤창,9.97,"['개그', '힘숨찐', '히어로', '레트로']","61,552"
나 혼자 네크로맨서,김경열 / 김동준 / 지점장,9.94,"['판타지', '아포칼립스', '이능력배틀물', '먼치킨', '소설원작']","203,949"
뮤즈 온 유명,수진,9.96,"['드라마', '2030연애', '하이퍼리얼리즘', '전남친', '청춘로맨스', '재회', '연예계', '삼각관계']","226,154"
별을 삼킨 너에게,ARI,9.93,"['로맨스', '아이돌', '최강자전', '2019', '친구', '연상연하', '연예계', '삼각관계']","458,736"
보스였음,럭스,9.93,['액션'],"122,793"
시한부 천재 암흑기사,정선율 / 나기,9.15,"['판타지', '지금추천작', '게임판타지', '소년왕도물', '빙의', '먼치킨', '소설원작']","64,748"
게임 속 바바리안으로 살아남기,한태수 / MIDNIGHT STUDIO / 정윤강,9.94,"['판타지', '지금추천작', '소설원작']","50,325"
가족같은 XX,서우현,9.93,"['로맨스', '2020', '계약연애', '연예계', '삼각관계']","211,834"
순정빌런,세윤,9.98,"['로맨스', '다정남', '로맨스코미디']","339,687"
직구일기,자까,9.89,['일상'],"15,475"
서울밤피어,송지형,9.92,"['판타지', '뱀파이어', '먼치킨', '다크판타지']","35,378"
규격 외 혈통 천재,ZAINO / 클로버 / 소울풍,9.86,"['판타지', '소설원작']","108,010"
쿠베라,카레곰,9.96,"['판타지', '세계관', '인외존재', '다크판타지']","471,238"
특수청소,한(恨),9.84,['드라마'],"56,127"
최강전설 강해효,최병열,9.59,['액션'],"619,946"
국세청 망나니,스튜디오웨이브 / 동면거북이,9.92,"['드라마', '직업드라마', '소설원작']","95,368"
비서 일탈,솔방울 / 꿀봉이 / 반지영,9.97,"['로맨스', '고자극로맨스', '2030연애', '직진남', '오피스로맨스', '소설원작']","104,690"
꽃만 키우는데 너무강함,주현후 / 쿰타타,9.97,"['판타지', '게임판타지', '먼치킨', '소설원작']","188,644"
순수한 동거생활,성은 / 플아다,9.93,"['로맨스', '현실로맨스', '오피스로맨스', '연상연하', '사내연애', '소설원작']","163,530"
흑막 여주가 날 새엄마로 만들려고 해,이산시 / 하리힌 / 목감기,9.97,"['로맨스', '육아물', '빙의', '로판', '소설원작']","265,194"
던전 씹어먹는 아티팩트,엄키 / 제로워터,9.91,"['판타지', '복수극', '먼치킨', '소설원작']","178,004"
게임 최강 트롤러,박종석 / YATO / 군만두먹자,9.87,"['판타지', '소설원작']","90,813"
마법사랑해,명랑 / 청설모,9.97,"['판타지', '차원이동', '판무']","59,313"
네가 죽기를 바랄 때가 있었다,기매 / 아란 / 진서,9.94,"['로맨스', '후회물', '혐관로맨스', '로판', '구원서사', '소설원작']","198,746"
완벽한 결혼의 정석,영 / 제리볼 / 이범배,9.85,"['로맨스', '혐관로맨스', '계약연애', '회귀', '선결혼후연애', '소설원작']","264,063"
트롤트랩,유비,9.92,"['판타지', '소년왕도물']","169,359"
마왕까지 한 걸음,윤홍,9.97,"['판타지', '힘숨찐']","148,382"
돈내놔,은류 / 도늑,6.75,"['액션', '서바이벌', '사이다', '게임판타지', '두뇌싸움', '먼치킨', '머니게임']","6,118"
아인슈페너,한끼룩,9.94,"['스릴러', '집착물']","70,631"
베니루 BAENIRU,우지금,9.89,"['스릴러', '서스펜스']","59,827"
썩은 핑크의 법칙,힙합신선,9.96,"['드라마', '2022', '동아리', '캠퍼스로맨스']","53,380"
만능잡캐,"홍실, 키보드만세 / 김대훈",9.86,"['판타지', '고인물', '아포칼립스', '게임판타지', '먼치킨']","112,080"
내향남녀,나,9.9,['로맨스'],"38,449"
이상한 변호사 우영우,"원프로젝트 / 화음조, 이예지",6.85,"['드라마', '햇살캐', '법정드라마', '드라마', '힐링', '직업드라마', '성장드라마']","127,688"
당신의 그림자를 그만두었을 때,봉이 / 유성 / Rana,9.96,"['로맨스', '소설원작']","41,836"
해시의 신루,명랑 / INUS / 윤이수,9.97,"['로맨스', '햇살캐', '다정남', '궁중로맨스', '퓨전사극', '소설원작']","111,286"
이게 웬 떡,박쓰담,9.92,['로맨스'],"91,301"
위대한 겸상,홍치,9.84,"['로맨스', '음식']","115,790"
방과후 레시피,혜루,9.98,"['로맨스', '힐링', '학원로맨스', '청춘로맨스', '음식', '감성드라마']","97,763"
3X3!,만능유자차,9.88,"['드라마', '무해한', '힐링', '4차원', '학원물', '하이틴', '성장드라마', '레트로']","14,059"
그 악룡은 무엇을 위해 사는가,호나란 / 마누비 / 레몬개구리,9.94,"['로맨스', '회귀', '인외존재', '로판', '소설원작']","42,914"
킬더킹,마사토끼 / joana,9.69,"['드라마', '두뇌싸움']","71,585"
누나! 나 무서워,디귿 ,9.88,"['스릴러', '4차원', '학원물', '괴담']","73,825"
"이러면 안 돼요, 전하!",안진애 / 우라노스 / 최아리,9.97,"['로맨스', '회귀', '로판', '걸크러시', '소설원작']","66,837"
코인 리벤지,박성현,9.88,['액션'],"41,536"
불쌍해야 하는 남자,윤병,9.71,['드라마'],"9,950"
갓트,서패스 / 아거주누,9.91,['판타지'],"58,929"
THE 런웨이,도미 / 녹두 / Hirachell,9.82,"['로맨스', '오피스로맨스', '사내연애', '소설원작']","130,722"
"엔딩, 바꿔보려합니다",모카빵,9.95,"['로맨스', '2020', '학원로맨스', '역하렘', '빙의', '로판']","76,214"
나의 불편한 상사,탄지 / 남은경 / 이다홍,9.81,"['로맨스', '오피스로맨스', '소설원작']","88,669"
독거미,신진우 / 홍순식,9.71,"['드라마', '범죄', '서스펜스', '복수극', '먼치킨']","9,932"
달의 요람,이정선,4.15,['드라마'],"58,206"
올빼미와 여름 하늘,WmW / 레베카 설리번,9.74,"['로맨스', '해외작품', '힐링', '하이틴', '소설원작']","11,697"
환상연가,반지운,9.97,"['로맨스', '궁중로맨스', '퓨전사극']","92,175"
진짜 진짜 이혼해,서후 / 해인,9.93,"['로맨스', '2021', '계약연애', '친구', '오피스로맨스', '선결혼후연애', '사내연애']","87,966"
"황궁에 핀 꽃은, 미쳤다",한누리 / 희구 / 성소작,9.89,"['로맨스', '퓨전사극', '소설원작']","49,120"
나쁜 마법사의 꿈,이아거,8.96,"['판타지', '2021', '감성드라마']","31,077"
가상&RPG,주다현,9.9,"['판타지', '고인물', '최강자전', '2019', '게임판타지']","58,608"
아빠같은 남자,이수민,9.81,['드라마'],"27,279"
너와 XX,뉸,9.85,"['로맨스', '2030연애', '현실로맨스', '하이퍼리얼리즘']","14,530"
따개비,뜰새 / delete / 레고밟았어,8.8,"['스릴러', '소설원작']","18,541"
천재의 게임방송,다넛 / 지금 / 하이엔드,8.34,"['액션', '게임판타지', '소설원작']","56,590"
황제사냥,KAN,9.94,"['판타지', '2021', '혐관로맨스', '직진남', '이세계', '복수극', '먼치킨', '걸크러시', '구원서사']","59,860"
부캐인생,까를로스 / 징크,9.66,"['드라마', '인플루언서', '서스펜스']","38,329"
35cm,홍가,9.51,['로맨스'],"176,842"
사기 친 공작님을 유혹해버렸다,T.Heimdallr  / 쥐똥새똥,9.94,"['판타지', '로판', '소설원작']","39,364"
배트맨: 웨인 패밀리 어드벤처,CRC Payne / StarBite,9.81,"['일상', '해외작품', '히어로']","13,750"
카루나,강호진,9.82,['판타지'],"17,681"
유월의 소한,윤정민,9.5,"['로맨스', '퓨전사극']","11,371"
보물과 괴물의 도시,이을,9.95,"['판타지', '오컬트', '인외존재', '이능력배틀물', '성장드라마', '다크판타지']","43,132"
권리행사자,샤이탄,9.73,['판타지'],"17,291"
외모지상주의,박태준,9.47,"['드라마', '학원물', '먼치킨']","2,355,396"
광마회귀,JP / 이히 / 유진성,9.97,"['무협', '세계관', '사이다', '회귀', '판무', '소설원작']","366,947"
나 혼자 만렙 뉴비,WAN.Z / 스윙뱃 / 메슬로우,9.91,"['판타지', '고인물', '레드아이스', '사이다', '게임판타지', '헌터물', '먼치킨', '소설원작']","490,467"
역대급 영지 설계사,이현민 / 김현수 / 문백경,9.98,"['판타지', '소년왕도물', '소설원작']","355,013"
재혼 황후,히어리 / 숨풀 / 알파타르트,9.96,"['로맨스', '다정남', '후회물', '궁중로맨스', '혐관로맨스', '직진남', '이세계', '연상연하', '역하렘', '선결혼후연애', '삼각관계', '로판', '걸크러시', '소설원작']","919,918"
어쩌다보니 천생연분,꿀타래 / 담초,9.97,"['로맨스', '로맨스코미디', '2021', '선결혼후연애']","543,775"
데드퀸,김규삼,9.96,"['판타지', '아포칼립스']","242,753"
개를 낳았다,이선,9.94,"['드라마', '무해한', '동물', '감성드라마']","509,519"
1초,시니 / 광운,9.98,"['드라마', '직업드라마']","541,796"
"언니, 이번 생엔 내가 왕비야",Omin / 테미스 / 레팔진프,9.97,"['로맨스', '레드아이스', '사이다', '회귀', '복수극', '로판', '소설원작']","330,787"
죽지 않으려면,파래 / 임진국,9.9,"['액션', '환골탈태', '블루스트링', '사이다', '학원물', '복수극']","325,258"
상남자,하늘소 / 도가도 / 김태궁,9.96,"['드라마', '직업드라마', '머니게임', '소설원작']","234,873"
세기말 풋사과 보습학원,순끼,9.98,"['로맨스', '러블리', '소꿉친구', '학원로맨스', '하이틴', '친구', '성장드라마', '레트로', '까칠남']","487,795"
낙향문사전,"바킹독 / 고기산적, 팀 페가수스 / 언라이팅",9.77,"['무협', '레드아이스', '먼치킨', '소설원작']","184,074"
사신,임재원 / 설봉,9.95,"['무협', '성장물', '세계관', '소년왕도물', '소설원작']","82,672"
천하제일 대사형,YooN / 북미혼,9.95,"['무협', '환골탈태', '소설원작']","65,924"
여우놀이,황혜진,9.97,"['드라마', '아이돌', '폭스남', '2020', '학원로맨스', '하이틴']","317,056"
A.I. 닥터,ZAINO / 쿠큐 / 한산이가,9.97,"['드라마', '직업드라마', '사이다', '의학드라마', '소설원작']","200,272"
약탈 신부,팀 카푸치노 / 강희자매,9.87,"['로맨스', '혐관로맨스', '인외존재', '구원서사', '소설원작']","182,948"
룸9,은작,9.79,['스릴러'],"21,022"
전남편의 미친개를 길들였다,철무장미 / 자개 / 재겸,9.97,"['로맨스', '소설원작']","185,815"
말년용사,후딩 / 신마니,9.93,"['판타지', '2020', '4차원', '밀리터리', '회귀']","138,943"
나혼자 탑에서 농사,임형 / 이하경  / sdcknight,9.93,"['판타지', '지금추천작', '무해한', '햇살캐', '힐링', '차원이동', '동물', '소설원작']","65,088"
서울역 드루이드,문성호 / 활성곰 / 진설우,9.77,"['판타지', '헌터물', '먼치킨', '소설원작']","177,456"
선을 넘은 연애,서녜,9.97,"['로맨스', '햇살캐', '다정남', '소꿉친구', '2021', '하이틴', '학원로맨스', '성장드라마']","263,497"
연애의 기록,베어리,9.48,['드라마'],"20,785"
히어로 킬러,꿀벌 / 벌꿀,9.96,"['액션', '히어로']","234,349"
커플브레이커,기맹기 / 태건,9.92,"['로맨스', '2030연애', '계약연애', '현실로맨스', '걸크러시']","178,983"
그렇고 그런 바람에,아니영,9.97,"['로맨스', '햇살캐', '러블리', '로맨스코미디', '캠퍼스로맨스', '인플루언서', '걸크러시']","274,045"
플레이어,박종석 / 오현준,9.92,"['액션', '게임판타지', '이능력배틀물']","206,421"
그 기사가 레이디로 사는 법,아인 / lnk. / 성혜림,9.96,"['판타지', '혐관로맨스', '삼각관계', '빙의', '로판', '소설원작']","224,809"
폭군님은 착하게 살고 싶어,람글 / 카콘,9.97,['로맨스'],"163,375"
브레이커 : 이터널 포스,전극진 / 박진환,9.86,"['액션', '환골탈태', '세계관', '사이다', '소년왕도물', '느와르']","96,006"
희란국연가,MIDNIGHT STUDIO / 김수지,9.97,"['로맨스', '후회물', '혐관로맨스', '동양풍판타지', '이세계', '인외존재', '삼각관계', '구원서사', '소설원작']","211,065"
너의 미소가 함정,앵고,9.98,"['로맨스', '하이틴']","218,710"
푸쉬오프,허5파6,9.97,"['드라마', '힐링', '하이퍼리얼리즘', '성장드라마', '사이비종교', '감성드라마']","99,483"
소름일기,석재윤,9.84,"['스릴러', '오컬트', '괴담']","45,568"
대위님! 이번 전쟁터는 이곳인가요?,김망고 / 비터버 / 리묘,9.94,"['로맨스', '차원이동', '밀리터리', '빙의', '로판', '걸크러시', '소설원작']","68,650"
언다잉,임목원,9.91,['스릴러'],"47,224"
여자를 사귀고 싶다,노갓량 / 영오,9.48,"['개그', '2030연애', '블루스트링', '청춘로맨스', '성장드라마', '공감성수치']","59,524"
온리호프,초승,9.97,"['로맨스', '타임슬립', '고자극로맨스', '회귀']","192,683"
쌈빡,38,9.76,"['액션', '학원물']","108,663"
바스티안,아빈 / 솔체,9.96,"['로맨스', '2030연애', '혐관로맨스', '선결혼후연애', '로판', '소설원작']","102,288"
평화식당,턍 / 서우서우,9.86,"['판타지', '먼치킨']","27,877"
킬 더 드래곤,현가 / 미스 지수 / 백수귀족,9.94,"['액션', '레드아이스', '헌터물', '소설원작']","67,563"
후덜덜덜 남극전자,김민혁,9.87,['개그'],"48,116"
절대복종,혼,8.91,"['액션', '게임판타지', '학원물']","51,188"
성스러운 그대 이르시길,"26, 유다, 앵뚜 / 로주 / 미나토",9.96,"['로맨스', '소설원작']","77,565"
신컨의 원 코인 클리어,스튜디오 호호이 / Akheres ,9.82,"['판타지', '소설원작']","45,722"
여름여자 하보이,석영,9.97,"['로맨스', '성별반전', '2020']","86,206"
지옥 키우기,양세하,9.81,"['스릴러', '2021', '서스펜스', '다크판타지']","42,539"
몽홀,장태산,9.9,"['무협', '역사물']","94,787"
미친 후작을 길들이고 말았다,골지 / 이레 / 로판맛집,9.95,"['로맨스', '소설원작']","143,263"
네버엔딩달링,울리,9.95,"['스릴러', 'sf']","89,373"
악마라고 불러다오,자양 / 써나 / 안테,9.96,"['로맨스', '소설원작']","130,034"
멜빈이 그들에게 남긴 것,삼칠13 / 팀 해피게리 / 류희온,9.97,"['로맨스', '햇살캐', '레드아이스', '힐링', '로판', '소설원작']","90,527"
메소드 연기법,김이연,9.95,"['스릴러', '계략여주']","34,424"
오!너의 리스크,바리,9.96,"['드라마', '2020']","93,071"
지니오패스,공현곤,9.92,"['스릴러', '서스펜스', '복수극', '두뇌싸움']","30,290"
스토커의 하루,bunny,9.63,"['스릴러', '서스펜스', '괴담']","48,367"
재앙의 날,환상특급 / 이승찬,9.85,['스릴러'],"28,580"
뜨거운 홍차,"에리카, 느리 / ZZING / 김빵",9.85,"['로맨스', '학원로맨스', '소설원작']","61,738"
인피니티,2오,9.78,"['스포츠', '스포츠성장']","55,560"
백년게임,하람 / 지야,9.85,['판타지'],"76,231"
너의 키스씬,조니조,9.92,"['로맨스', '비밀연애', '짝사랑', '2030연애', '로맨스코미디', '현실로맨스', '직진남', '연예계', '연상연하']","62,818"
우리 무슨 사이야?,고농,9.84,['로맨스'],"76,352"
합법해적 파르페,뼈피살,9.96,"['판타지', '최강자전', '2017']","50,902"
미드우트,원김,9.93,['판타지'],"33,838"
별빛 커튼콜,아르몽,9.96,"['로맨스', '힐링', '청춘로맨스', '인플루언서', '성장드라마']","46,161"
비밀친구,이밤애 / 사바싸,9.83,"['스릴러', '2021', '서스펜스', '복수극', '두뇌싸움']","29,231"
연기는 처음인데요?!,홍로베 / 앨렴,9.93,"['로맨스', '하이틴', '학원로맨스', '청춘로맨스', '연예계', '성장드라마']","31,014"
"푸른 밤, 황홀의 윤무",호찌 / 해독 / 유안나,9.94,"['로맨스', '고자극로맨스', '혐관로맨스', '뱀파이어', '까칠남', '소설원작']","55,506"
하나는 적고 둘은 너무 많아,젤리피쉬 / 손모모,9.72,"['로맨스', '고자극로맨스', '현실로맨스', '재회']","22,300"
"행운을 빌어요, 용사님!",송현주,9.9,"['로맨스', '회귀', '사내연애']","26,993"
여름의 너에게,라라뮤,9.91,"['로맨스', '힐링', '학원로맨스', '삼각관계']","76,644"
천상의 주인,권러프 / MOOHAK,9.73,"['판타지', '소년왕도물']","24,674"
신의 최애캐,김찹쌀,9.71,"['드라마', '2022', '타임슬립']","15,988"
애증화음,전구,9.95,"['드라마', '음악', '서바이벌', '혐관로맨스', '학원물', '성장드라마', '걸크러시']","21,140"
히트포인트,민형 / 여강현,9.63,"['판타지', '성장물', '사이다', '이능력배틀물', '소년왕도물']","55,387"
크림슨 하트,HYBE,9.65,"['판타지', '세계관', '이세계', '걸크러시']","16,031"
기억해줘,BD / 왈치,9.92,"['로맨스', '2021', '현실로맨스', '재회', '연상연하']","27,580"
로또 황녀님,"무무경 / 도힌, 보리멸",9.97,"['로맨스', '러블리', '육아물', '로판']","76,993"
너에게 입덕중,카레 / 새우,9.9,"['로맨스', '학원로맨스']","17,089"
세라는 망돌,햇살,9.28,['로맨스'],"18,878"
서울시 천사주의,안민,9.91,"['판타지', '성장드라마', '먼치킨']","20,470"
호랑이형님,이상규,9.92,"['판타지', '세계관', '동양풍판타지']","866,165"
99강화나무몽둥이,홍실 / 지페리,9.81,"['판타지', '고인물', '사이다', '게임판타지']","497,552"
취사병 전설이 되다,제이로빈 / 이진수,9.87,"['판타지', '직업드라마', '밀리터리', '게임판타지', '음식', '소설원작']","420,270"
물위의 우리,뱁새 / 왈패,9.98,"['드라마', '최강자전', '2020', '아포칼립스']","350,016"
프리드로우,전선욱,9.79,"['드라마', '힘숨찐', '학원물', '성장드라마']","1,641,163"
마도전생기,포스스튜디오 / codezero,9.83,"['무협', '지금추천작', '힘숨찐', '판무', '소설원작']","90,964"
망나니 소교주로 환생했다,재무 / 전마두 / 대은호,9.85,"['무협', '레드아이스', '오컬트', '회귀', '소설원작']","212,423"
은탄,김규삼,9.96,"['판타지', '오컬트', '동양풍판타지', '다크히어로', '먼치킨']","127,067"
귀환했는데 입대 전날이다,해일 / 오코믹 / 황금비둘기,9.9,"['판타지', '지금추천작', '소설원작']","122,579"
작전명 순정,꼬까리 / 들덤,9.96,"['로맨스', '2021', '하이틴']","633,196"
킬러경찰,이제환 / 이윤균,9.89,"['액션', '지금추천작']","113,313"
스터디그룹,신형욱 / 유승연,9.96,"['액션', '블루스트링', '힘숨찐', '학원물']","623,336"
세레나,정이나,9.95,"['로맨스', '고자극로맨스', '혐관로맨스', '선결혼후연애']","352,360"
나이트런,김성민,9.91,"['판타지', 'sf', '다크판타지']","243,048"
디펜스 게임의 폭군이 되었다,하정 / 굥 / 류은가람,9.96,"['판타지', '소설원작']","127,226"
나를 바꿔줘,이지호 / 호띠,9.88,['드라마'],"250,967"
흑화한 노예남을 길들였다,LICO / 보랏빛마을,9.95,"['로맨스', '요즘핫한추천작', '소설원작']","126,641"
야매 힐러로 사는 법,14획 / 나옌 / 새송이덮밥,9.93,"['판타지', '요즘핫한추천작', '지금추천작', '소설원작']","63,448"
나랑X할래?,진자 / 정생,9.91,['로맨스'],"159,948"
첫사랑은 헤이트,망두,9.96,"['로맨스', '캠퍼스로맨스']","99,718"
민간인 통제구역 - 일급기밀,OSIK,9.94,"['스릴러', '프리퀄', '밀리터리', '하이퍼리얼리즘', '서스펜스']","38,254"
대충 캠퍼스로맨스임,공철진,9.97,"['로맨스', '로맨스코미디', '캠퍼스로맨스', '삼각관계']","285,704"
봐선 안되는 것,수리부,9.85,"['스릴러', '괴담']","64,022"
좀비X슬래셔,나락 / 홍준기,9.68,"['액션', '아포칼립스', '히어로', '좀비']","39,668"
예명여고,육공,9.94,"['스릴러', '오컬트', '괴담']","46,325"
플레이어가 과거를 숨김,개차반 / 비누끼 / 베데스,9.83,"['판타지', '소설원작']","27,609"
탑코너,윤성 / 라군,9.64,"['스포츠', '축구', '스포츠성장']","145,748"
간첩 18세,팀꿀빨 / 김주인,9.71,"['액션', '학원물']","88,121"
홍시는 날 좋아해!,강하다 / 웃는해,9.97,"['로맨스', '햇살캐', '까칠남']","343,660"
존잘주의,령,9.44,"['로맨스', '학원물', '역하렘']","251,637"
묘약마녀,자유,9.97,"['판타지', '성장드라마']","67,371"
동그란 그녀와 소심한 그 남자,하야마 이즈미 / 오카무라 야치요,9.2,"['로맨스', '햇살캐', '해외작품', '로맨스코미디', '힐링']","11,557"
남편을 만렙으로 키우려 합니다,유기농 / 컬린 / 누오바,9.97,"['로맨스', '회귀', '선결혼후연애', '소설원작']","193,899"
폭군 남편과 이혼하겠습니다,조사라 / 오윤하,9.89,"['로맨스', '차원이동', '사이다', '빙의', '걸크러시', '소설원작']","102,297"
왕세자 입학도,무번,9.98,"['드라마', '퓨전사극', '성장드라마']","130,785"
부패의 사제,보리 / YU / 사다듬,9.73,"['판타지', '소설원작']","13,946"
"저무는 해, 시린 눈",MURO,9.97,['드라마'],"139,068"
엑스애쉬,김세훈 / 이광수,9.86,"['판타지', '게임판타지', '소년왕도물']","97,380"
묘령의 황자,아흐레달,9.98,"['드라마', '성별반전', '궁중로맨스', '동양풍판타지', '걸크러시']","137,867"
더 해머,스튜디오M / 멘수 / Painkiller,9.83,"['판타지', '소설원작']","35,985"
대박사건,"광진, 두엽 / 그나",9.78,"['스릴러', '범죄', '서스펜스', '복수극', '두뇌싸움']","15,299"
이종 격투기,꼬마비,9.9,['드라마'],"20,957"
전생연분,재아 / HAE,9.97,"['로맨스', '레드스트링']","213,514"
방송은 방송으로 봐,박은혁,7.73,['드라마'],"28,797"
완벽한 부부는 없다,롱별 / 초이 / 이다홍,9.86,"['로맨스', '소설원작']","103,054"
멸망으로 시작하는! 근미래 생존법,김부농,9.76,"['판타지', '세계관', '2021', '두뇌싸움']","10,527"
러브 어페어,건태 / 팀 네모바퀴 / 이유진,9.51,"['로맨스', '후회물', '비밀연애', '고자극로맨스', '2030연애', '소설원작']","29,864"
내게 필요한 NO맨스,마그네슘,9.97,"['로맨스', '2019', '연예계', '역하렘']","221,610"
또다시 열일곱,한다,9.84,"['로맨스', '타임슬립', '2021', '회귀', '학원로맨스', '전남친']","22,943"
최강부캐,직씨,9.57,"['액션', '게임판타지', '먼치킨']","92,309"
노인의 꿈,백원달,9.97,"['드라마', '무해한', '힐링', '성장드라마', '감성드라마']","31,791"
더 캐슬 - 귀안의 신부,혜용 / 피칸 / 진소예,9.94,"['로맨스', '직진남', '선결혼후연애', '로판', '소설원작']","52,925"
달과 인어,원산지,9.97,"['드라마', '러블리', '힐링', '인외존재', '성장드라마', '감성드라마']","42,277"
당신이 나를 믿으신다면,김그래프,9.93,"['드라마', '2021', '사이비종교']","23,415"
중매쟁이 아가 황녀님,박카린 / 지미신,9.94,"['로맨스', '육아물', '회귀', '빙의', '소설원작']","85,962"
너나 나나,김연우,9.94,"['드라마', '러블리', '학원물']","26,664"
사서고생!,몽실,9.95,['드라마'],"52,122"
청춘일지,쏘림,9.91,"['로맨스', '2030연애', '로맨스코미디', '캠퍼스로맨스', '청춘로맨스']","96,144"
용두사망 소설 속의 악녀가 되었다,하견 / 너구리 / 윤림,9.95,"['로맨스', '빙의', '로판', '소설원작']","62,725"
왕년엔 용사님,고샤 / 솔렘,9.95,"['판타지', '최강자전', '2019']","76,064"
소년 검사,혁씨,9.76,"['판타지', '게임판타지', '성장드라마']","50,954"
시선 끝 브로콜리,모차,9.97,['드라마'],"31,641"
애구애구,가령,9.97,"['드라마', '무해한', '힐링', '동물', '감성드라마']","31,293"
궤도의 아이들,나윤희 / 구김,9.94,"['드라마', '학원로맨스', '청춘로맨스', '성장드라마', '감성드라마']","26,757"
밤을 깨우는 마법,외딴,9.97,"['판타지', '2020']","49,462"
아가사,이다인,9.94,"['드라마', '궁중로맨스', '혐관로맨스', '걸크러시']","43,823"
아침을 지나 밤으로,손지은,9.96,"['판타지', '최강자전', '2019']","74,907"
이계진입 리로디드,차우민 / 쵸쵸 / 임경배,9.92,"['판타지', '소설원작']","66,832"
겨울특강,곤세,9.83,['판타지'],"14,611"
보고 있지?,송범규,8.45,"['드라마', '2020', '인플루언서', '서스펜스']","18,939"
아이돌만 하고 싶었는데,고구렁 / 와플,9.96,"['로맨스', '아이돌', '아이돌연애', '로맨스코미디', '2021', '좀비', '연예계']","36,461"
먹지마세요,노도 / 비버,9.93,"['판타지', '오컬트', '동양풍판타지', '인외존재']","39,647"
싸움독학,박태준 만화회사 / 김정현,9.72,"['액션', '학원물', '인플루언서', '소년왕도물']","1,072,266"
약한영웅,서패스 / 김진석,9.76,"['액션', '드라마', '힘숨찐', '학원물']","544,874"
입학용병,YC / 락현,9.89,"['액션', '밀리터리', '학원물', '먼치킨']","598,689"
투신전생기,청담,9.94,"['액션', '회귀', '이능력배틀물', '복수극', '먼치킨']","404,497"
사형소년,"김숭늉, 박태준 만화회사 / 광산",9.68,"['스릴러', '사이다']","327,668"
가비지타임,2사장,9.98,"['스포츠', '최강자전', '2017', '농구', '스포츠성장']","325,561"
일타강사 백사부,팀 더 지크 / 오리보리 / 간짜장,9.96,"['무협', '소설원작']","213,561"
수희0(tngmlek0),생일기분,9.91,"['드라마', '하이퍼리얼리즘', '인플루언서', '머니게임']","243,985"
자매전쟁,기맹기,9.95,"['드라마', '계략여주', '학원로맨스', '복수극']","308,374"
나 혼자 특성빨로 무한 성장,샤이아탄 / 2사랑 / 선운(鮮雲),9.15,"['액션', '레드아이스', '헌터물', '먼치킨', '소설원작']","114,368"
천화서고 대공자,128 / MIDNIGHT STUDIO / 김현영,9.92,"['무협', '지금추천작', '소설원작']","70,150"
판사 이한영,문성호 / 전돌돌 / 이해날,9.94,"['드라마', '법정드라마', '직업드라마', '회귀', '소설원작']","149,890"
소녀재판,루즌아 / 보로콤,9.89,"['드라마', '2019', '공감성수치']","376,535"
"고수, 후궁으로 깨어나다",LICO / 코양희,9.96,"['로맨스', '요즘핫한추천작', '로맨스코미디', '궁중로맨스', '동양풍판타지', '걸크러시', '소설원작']","59,968"
분신으로 자동사냥,차씨 / 오팔 / 몽식夢食,9.71,"['판타지', '소설원작']","107,205"
살아남은 로맨스,이연,9.98,"['판타지', '서바이벌', '아포칼립스', '학원로맨스', '빙의', '구원서사']","406,130"
사랑받는 시집살이,견이 / 태소정,9.87,"['로맨스', '요즘핫한추천작', '러블리', '힐링', '로판', '소설원작']","72,428"
허리케인 공주님,랑또,9.97,"['개그', '요즘핫한추천작', '학원물', '이세계', '성장드라마']","78,048"
폰투스 : 극야2,운 / 한큰빛,9.93,"['스릴러', '좀비', '먼치킨', '감염']","75,101"
무진,사과 / 브라보 장,9.86,"['액션', '범죄', '복수극', '느와르']","46,514"
합격시켜주세용,이온,9.98,['판타지'],"199,407"
고백 취소도 되나?,신매,9.83,"['로맨스', '폭스남', '하이틴', '청춘로맨스']","383,439"
무서운게 딱좋아!,이동규,9.9,"['스릴러', '레트로', '괴담']","148,779"
어느날 갑자기 서울은,박창근,9.86,"['스릴러', '아포칼립스', '좀비', '감염']","222,520"
칼끝에 입술,핀쿠 / 뫄과 / 윤슬,9.96,"['로맨스', '계략여주', '계약연애', '직진남', '선결혼후연애', '로판', '걸크러시', '소설원작']","180,371"
청춘계시록,한서,9.97,"['로맨스', '로맨스코미디', '2021', '현실로맨스', '하이틴', '학원물', '학원로맨스', '친구', '사이비종교']","233,006"
오로지 너를 이기고 싶어,아마도지 / 사삭,9.94,"['로맨스', '로맨스코미디', '하이틴', '학원로맨스']","459,419"
장풍전,신영우,9.94,['액션'],"40,703"
후궁 스캔들,기트로우 / 정현,9.98,"['로맨스', '동양풍판타지', '소설원작']","128,047"
랑데뷰,제로,9.92,"['드라마', '감성드라마']","135,476"
경자 전성시대,김호드,9.89,"['개그', '4차원']","54,762"
밤마다 남편이 바뀐다,구슬 / 여슬기 / 한윤설,9.97,"['로맨스', '2030연애', '로맨스코미디', '선결혼후연애', '로판', '소설원작']","188,293"
약빨이 신선함,한집 / 벤 / 아로,9.89,"['판타지', '소설원작']","58,698"
노빠꾸 최하영,우엉이,9.77,"['액션', '4차원', '힘숨찐', '학원물']","57,663"
내게 종말은 게임이다,HOOPA / 최우진,9.91,"['판타지', '아포칼립스', '게임판타지', '인외존재', '인플루언서', '먼치킨', '소설원작']","45,729"
죽음을 희망합니다,인멸윤금 / 요지 / 유예랑,9.92,"['로맨스', '힐링', '선결혼후연애', '구원서사', '소설원작']","30,605"
주인공의 주식을 팝니다,50 / 가얌 / 목감기,9.94,"['로맨스', '로판', '소설원작']","51,167"
아포크리파,은성 / 두만식,9.95,"['스릴러', '오컬트']","32,169"
고양이 타타,로로,9.97,"['드라마', '무해한', '힐링', '동물']","114,616"
몸이 바뀌는 사정,푸릭 / 달꽃 / 윤달,9.97,"['로맨스', '집착물', '성별반전', '직진남', '삼각관계', '빙의', '로판', '구원서사', '걸크러시', '소설원작']","131,373"
천치전능,김칸비 / 송래현,9.92,['드라마'],"59,076"
펀치드렁커드,고태호,9.95,['드라마'],"22,510"
첫날밤만 세 번째,나라나라 / 갓녀,9.96,"['로맨스', '고자극로맨스', '2030연애', '재회', '오피스로맨스', '소설원작']","68,383"
위험한 남편을 길들이는 법,두지 / 윤손,9.93,"['로맨스', '선결혼후연애', '소설원작']","124,300"
평행도시,고다,9.95,['판타지'],"111,212"
돌&아이,송채윤 / 엔리,9.86,"['드라마', '레드스트링', '연예계']","63,286"
사장님이 미쳤어요,밤희 / 꾼 / 노승아,9.58,"['로맨스', '2030연애', '오피스로맨스', '사내연애', '소설원작']","14,575"
마왕의 고백,탑승,9.96,"['판타지', '2021', '인외존재', '성장드라마']","121,908"
나의 작은 서점,한민기,9.96,"['로맨스', '힐링', '현실로맨스', '청춘로맨스', '연예계']","87,253"
최고의 뿔소라,김인정,9.97,"['로맨스', '무해한', '다정남', '2030연애', '로맨스코미디', '현실로맨스', '연예계', '성장드라마', '구원서사', '감성드라마']","37,822"
내곁엔 없을까,쑤녕,9.97,['로맨스'],"90,015"
신혼부부 생활 백서,문나영 / 이범배,9.91,"['로맨스', '2030연애', '계약연애', '현실로맨스', '선결혼후연애', '소설원작']","47,121"
헬스던전,도베도베 / 채종,9.73,"['액션', '사이다', '4차원', '이세계', '먼치킨']","34,649"
백설을 위하여,러스츄 / 김햐 / 찬겨울,9.96,"['로맨스', '소설원작']","61,498"
108명의 그녀들,고송 / 레죵,9.96,"['로맨스', '로판', '소설원작']","52,118"
여신님의 호랑이 공략법,아완 / 청라,9.96,"['로맨스', '타임슬립', '동양풍판타지', '인외존재']","48,767"
장미같은 소리,혜진양 / 듀영,9.92,"['스릴러', '연예계']","75,748"
생존고백,박태현,9.96,"['로맨스', '2021', '오컬트']","61,596"
하렘에서 살아남기,전분,9.96,['개그'],"44,845"
완벽한 파트너,산차 / 오하라,9.97,"['로맨스', '소설원작']","59,337"
성애적 순애보,유 / 명,9.75,"['로맨스', '고자극로맨스', '2030연애', '청춘로맨스', '캠퍼스로맨스']","31,484"
노량진 공격대,잭한 / 이리몽,9.53,"['액션', '다크판타지']","24,491"
손 안의 안단테,나윤희,9.97,"['드라마', '음악', '연상연하', '성장드라마', '감성드라마']","57,687"
잿더미 황후,스튜디오BCW / 별보라,9.91,"['로맨스', '소설원작']","40,363"
킬링킬러,아백,9.89,['액션'],"55,118"
DARK MOON: 달의 제단,HYBE,9.8,"['판타지', '뱀파이어']","177,540"
보스의 노골적 취향,팀솜사탕 / 반지은 / 시크크,9.86,"['로맨스', '소설원작']","89,193"
사랑은 없는 것처럼,carbo(도효원) / 김해담,9.86,"['로맨스', '소설원작']","30,613"
신의 재래,홍무제,9.92,"['판타지', '2022', '차원이동', '동양풍판타지', '이능력배틀물', '성장드라마']","32,809"
블러드 리벤저,고백,9.82,"['판타지', '2021']","39,401"
"아마도, 굿모닝",은나 / 솜베 / 우지혜,9.9,"['로맨스', '소설원작']","44,759"
샤인 스타,김현,9.95,"['로맨스', '성장드라마']","68,116"
인생영화,희나리,9.72,"['스릴러', '타임슬립', '서스펜스', '복수극']","16,435"
패션쇼,로커8,9.83,['드라마'],"16,814"
네 것이었던 것,아이아리 / 바밤,9.58,['드라마'],"13,891"
천년간 노려왔습니다,수빈,9.89,['로맨스'],"29,155"
어떤소란,케첩,9.77,"['로맨스', '캠퍼스로맨스']","34,724"
그림자 잡기,최날,9.36,['스릴러'],"6,764"
